Year,Quarter,Rigs,Country,Lat,LON
2019,Q3,195,Latin America,-8.595812,-61.257636
2019,Q2,186,Latin America,-8.595812,-61.257636
2019,Q1,188,Latin America,-8.595812,-61.257636
2018,Q4,193,Latin America,-8.595812,-61.257636
2018,Q3,191,Latin America,-8.595812,-61.257636
2018,Q2,181,Latin America,-8.595812,-61.257636
2018,Q1,194,Latin America,-8.595812,-61.257636
2017,Q4,184,Latin America,-8.595812,-61.257636
2017,Q3,188,Latin America,-8.595812,-61.257636
2017,Q2,188,Latin America,-8.595812,-61.257636
2017,Q1,180,Latin America,-8.595812,-61.257636
2016,Q4,183,Latin America,-8.595812,-61.257636
2016,Q3,187,Latin America,-8.595812,-61.257636
2016,Q2,190,Latin America,-8.595812,-61.257636
2016,Q1,233,Latin America,-8.595812,-61.257636
2015,Q4,283,Latin America,-8.595812,-61.257636
2015,Q3,318,Latin America,-8.595812,-61.257636
2015,Q2,322,Latin America,-8.595812,-61.257636
2015,Q1,352,Latin America,-8.595812,-61.257636
2014,Q4,379,Latin America,-8.595812,-61.257636
2014,Q3,406,Latin America,-8.595812,-61.257636
2014,Q2,402,Latin America,-8.595812,-61.257636
2014,Q1,402,Latin America,-8.595812,-61.257636
2013,Q4,416,Latin America,-8.595812,-61.257636
2013,Q3,407,Latin America,-8.595812,-61.257636
2013,Q2,425,Latin America,-8.595812,-61.257636
2013,Q1,426,Latin America,-8.595812,-61.257636
2012,Q4,408,Latin America,-8.595812,-61.257636
2012,Q3,414,Latin America,-8.595812,-61.257636
2012,Q2,438,Latin America,-8.595812,-61.257636
2012,Q1,432,Latin America,-8.595812,-61.257636
2011,Q4,433,Latin America,-8.595812,-61.257636
2011,Q3,437,Latin America,-8.595812,-61.257636
2011,Q2,417,Latin America,-8.595812,-61.257636
2011,Q1,410,Latin America,-8.595812,-61.257636
2010,Q4,385,Latin America,-8.595812,-61.257636
2010,Q3,385,Latin America,-8.595812,-61.257636
2010,Q2,384,Latin America,-8.595812,-61.257636
2010,Q1,378,Latin America,-8.595812,-61.257636
2009,Q4,355,Latin America,-8.595812,-61.257636
2009,Q3,350,Latin America,-8.595812,-61.257636
2009,Q2,350,Latin America,-8.595812,-61.257636
2009,Q1,371,Latin America,-8.595812,-61.257636
2008,Q4,396,Latin America,-8.595812,-61.257636
2008,Q3,386,Latin America,-8.595812,-61.257636
2008,Q2,382,Latin America,-8.595812,-61.257636
2008,Q1,373,Latin America,-8.595812,-61.257636
2007,Q4,355,Latin America,-8.595812,-61.257636
2007,Q3,357,Latin America,-8.595812,-61.257636
2007,Q2,355,Latin America,-8.595812,-61.257636
2007,Q1,353,Latin America,-8.595812,-61.257636
2006,Q4,326,Latin America,-8.595812,-61.257636
2006,Q3,327,Latin America,-8.595812,-61.257636
2006,Q2,329,Latin America,-8.595812,-61.257636
2006,Q1,313,Latin America,-8.595812,-61.257636
2005,Q4,313,Latin America,-8.595812,-61.257636
2005,Q3,311,Latin America,-8.595812,-61.257636
2005,Q2,326,Latin America,-8.595812,-61.257636
2005,Q1,313,Latin America,-8.595812,-61.257636
2004,Q4,306,Latin America,-8.595812,-61.257636
2004,Q3,292,Latin America,-8.595812,-61.257636
2004,Q2,290,Latin America,-8.595812,-61.257636
2004,Q1,273,Latin America,-8.595812,-61.257636
2003,Q4,266,Latin America,-8.595812,-61.257636
2003,Q3,253,Latin America,-8.595812,-61.257636
2003,Q2,240,Latin America,-8.595812,-61.257636
2003,Q1,217,Latin America,-8.595812,-61.257636
2002,Q4,220,Latin America,-8.595812,-61.257636
2002,Q3,204,Latin America,-8.595812,-61.257636
2002,Q2,205,Latin America,-8.595812,-61.257636
2002,Q1,225,Latin America,-8.595812,-61.257636
2001,Q4,253,Latin America,-8.595812,-61.257636
2001,Q3,264,Latin America,-8.595812,-61.257636
2001,Q2,268,Latin America,-8.595812,-61.257636
2001,Q1,261,Latin America,-8.595812,-61.257636
2000,Q4,260,Latin America,-8.595812,-61.257636
2000,Q3,247,Latin America,-8.595812,-61.257636
2000,Q2,213,Latin America,-8.595812,-61.257636
2000,Q1,189,Latin America,-8.595812,-61.257636
1999,Q4,197,Latin America,-8.595812,-61.257636
1999,Q3,184,Latin America,-8.595812,-61.257636
1999,Q2,185,Latin America,-8.595812,-61.257636
1999,Q1,180,Latin America,-8.595812,-61.257636
1998,Q4,211,Latin America,-8.595812,-61.257636
1998,Q3,229,Latin America,-8.595812,-61.257636
1998,Q2,261,Latin America,-8.595812,-61.257636
1998,Q1,272,Latin America,-8.595812,-61.257636
1997,Q4,280,Latin America,-8.595812,-61.257636
1997,Q3,270,Latin America,-8.595812,-61.257636
1997,Q2,277,Latin America,-8.595812,-61.257636
1997,Q1,280,Latin America,-8.595812,-61.257636
1996,Q4,281,Latin America,-8.595812,-61.257636
1996,Q3,282,Latin America,-8.595812,-61.257636
1996,Q2,286,Latin America,-8.595812,-61.257636
1996,Q1,281,Latin America,-8.595812,-61.257636
1995,Q4,272,Latin America,-8.595812,-61.257636
1995,Q3,278,Latin America,-8.595812,-61.257636
1995,Q2,270,Latin America,-8.595812,-61.257636
1995,Q1,266,Latin America,-8.595812,-61.257636
1994,Q4,253,Latin America,-8.595812,-61.257636
1994,Q3,238,Latin America,-8.595812,-61.257636
1994,Q2,232,Latin America,-8.595812,-61.257636
1994,Q1,209,Latin America,-8.595812,-61.257636
2019,Q3,190,Europe,52.658645,31.481963
2019,Q2,159,Europe,52.658645,31.481963
2019,Q1,92,Europe,52.658645,31.481963
2018,Q4,90,Europe,52.658645,31.481963
2018,Q3,84,Europe,52.658645,31.481963
2018,Q2,82,Europe,52.658645,31.481963
2018,Q1,86,Europe,52.658645,31.481963
2017,Q4,88,Europe,52.658645,31.481963
2017,Q3,88,Europe,52.658645,31.481963
2017,Q2,92,Europe,52.658645,31.481963
2017,Q1,100,Europe,52.658645,31.481963
2016,Q4,94,Europe,52.658645,31.481963
2016,Q3,94,Europe,52.658645,31.481963
2016,Q2,92,Europe,52.658645,31.481963
2016,Q1,104,Europe,52.658645,31.481963
2015,Q4,110,Europe,52.658645,31.481963
2015,Q3,109,Europe,52.658645,31.481963
2015,Q2,116,Europe,52.658645,31.481963
2015,Q1,132,Europe,52.658645,31.481963
2014,Q4,148,Europe,52.658645,31.481963
2014,Q3,148,Europe,52.658645,31.481963
2014,Q2,149,Europe,52.658645,31.481963
2014,Q1,135,Europe,52.658645,31.481963
2013,Q4,133,Europe,52.658645,31.481963
2013,Q3,140,Europe,52.658645,31.481963
2013,Q2,133,Europe,52.658645,31.481963
2013,Q1,134,Europe,52.658645,31.481963
2012,Q4,129,Europe,52.658645,31.481963
2012,Q3,117,Europe,52.658645,31.481963
2012,Q2,117,Europe,52.658645,31.481963
2012,Q1,112,Europe,52.658645,31.481963
2011,Q4,119,Europe,52.658645,31.481963
2011,Q3,123,Europe,52.658645,31.481963
2011,Q2,112,Europe,52.658645,31.481963
2011,Q1,118,Europe,52.658645,31.481963
2010,Q4,100,Europe,52.658645,31.481963
2010,Q3,92,Europe,52.658645,31.481963
2010,Q2,96,Europe,52.658645,31.481963
2010,Q1,88,Europe,52.658645,31.481963
2009,Q4,85,Europe,52.658645,31.481963
2009,Q3,78,Europe,52.658645,31.481963
2009,Q2,82,Europe,52.658645,31.481963
2009,Q1,90,Europe,52.658645,31.481963
2008,Q4,103,Europe,52.658645,31.481963
2008,Q3,101,Europe,52.658645,31.481963
2008,Q2,97,Europe,52.658645,31.481963
2008,Q1,91,Europe,52.658645,31.481963
2007,Q4,77,Europe,52.658645,31.481963
2007,Q3,79,Europe,52.658645,31.481963
2007,Q2,80,Europe,52.658645,31.481963
2007,Q1,75,Europe,52.658645,31.481963
2006,Q4,70,Europe,52.658645,31.481963
2006,Q3,76,Europe,52.658645,31.481963
2006,Q2,82,Europe,52.658645,31.481963
2006,Q1,82,Europe,52.658645,31.481963
2005,Q4,73,Europe,52.658645,31.481963
2005,Q3,74,Europe,52.658645,31.481963
2005,Q2,72,Europe,52.658645,31.481963
2005,Q1,61,Europe,52.658645,31.481963
2004,Q4,67,Europe,52.658645,31.481963
2004,Q3,62,Europe,52.658645,31.481963
2004,Q2,76,Europe,52.658645,31.481963
2004,Q1,74,Europe,52.658645,31.481963
2003,Q4,80,Europe,52.658645,31.481963
2003,Q3,88,Europe,52.658645,31.481963
2003,Q2,83,Europe,52.658645,31.481963
2003,Q1,82,Europe,52.658645,31.481963
2002,Q4,85,Europe,52.658645,31.481963
2002,Q3,79,Europe,52.658645,31.481963
2002,Q2,94,Europe,52.658645,31.481963
2002,Q1,94,Europe,52.658645,31.481963
2001,Q4,100,Europe,52.658645,31.481963
2001,Q3,96,Europe,52.658645,31.481963
2001,Q2,95,Europe,52.658645,31.481963
2001,Q1,89,Europe,52.658645,31.481963
2000,Q4,88,Europe,52.658645,31.481963
2000,Q3,90,Europe,52.658645,31.481963
2000,Q2,82,Europe,52.658645,31.481963
2000,Q1,73,Europe,52.658645,31.481963
1999,Q4,72,Europe,52.658645,31.481963
1999,Q3,77,Europe,52.658645,31.481963
1999,Q2,87,Europe,52.658645,31.481963
1999,Q1,87,Europe,52.658645,31.481963
1998,Q4,88,Europe,52.658645,31.481963
1998,Q3,95,Europe,52.658645,31.481963
1998,Q2,103,Europe,52.658645,31.481963
1998,Q1,108,Europe,52.658645,31.481963
1997,Q4,112,Europe,52.658645,31.481963
1997,Q3,107,Europe,52.658645,31.481963
1997,Q2,112,Europe,52.658645,31.481963
1997,Q1,121,Europe,52.658645,31.481963
1996,Q4,116,Europe,52.658645,31.481963
1996,Q3,119,Europe,52.658645,31.481963
1996,Q2,124,Europe,52.658645,31.481963
1996,Q1,120,Europe,52.658645,31.481963
1995,Q4,122,Europe,52.658645,31.481963
1995,Q3,113,Europe,52.658645,31.481963
1995,Q2,111,Europe,52.658645,31.481963
1995,Q1,103,Europe,52.658645,31.481963
1994,Q4,105,Europe,52.658645,31.481963
1994,Q3,103,Europe,52.658645,31.481963
1994,Q2,107,Europe,52.658645,31.481963
1994,Q1,111,Europe,52.658645,31.481963
2019,Q3,114,Africa,12.024691,12.394709
2019,Q2,122,Africa,12.024691,12.394709
2019,Q1,116,Africa,12.024691,12.394709
2018,Q4,106,Africa,12.024691,12.394709
2018,Q3,104,Africa,12.024691,12.394709
2018,Q2,94,Africa,12.024691,12.394709
2018,Q1,86,Africa,12.024691,12.394709
2017,Q4,82,Africa,12.024691,12.394709
2017,Q3,84,Africa,12.024691,12.394709
2017,Q2,86,Africa,12.024691,12.394709
2017,Q1,79,Africa,12.024691,12.394709
2016,Q4,78,Africa,12.024691,12.394709
2016,Q3,80,Africa,12.024691,12.394709
2016,Q2,89,Africa,12.024691,12.394709
2016,Q1,91,Africa,12.024691,12.394709
2015,Q4,91,Africa,12.024691,12.394709
2015,Q3,95,Africa,12.024691,12.394709
2015,Q2,108,Africa,12.024691,12.394709
2015,Q1,130,Africa,12.024691,12.394709
2014,Q4,135,Africa,12.024691,12.394709
2014,Q3,126,Africa,12.024691,12.394709
2014,Q2,133,Africa,12.024691,12.394709
2014,Q1,142,Africa,12.024691,12.394709
2013,Q4,135,Africa,12.024691,12.394709
2013,Q3,124,Africa,12.024691,12.394709
2013,Q2,127,Africa,12.024691,12.394709
2013,Q1,114,Africa,12.024691,12.394709
2012,Q4,103,Africa,12.024691,12.394709
2012,Q3,108,Africa,12.024691,12.394709
2012,Q2,90,Africa,12.024691,12.394709
2012,Q1,83,Africa,12.024691,12.394709
2011,Q4,82,Africa,12.024691,12.394709
2011,Q3,71,Africa,12.024691,12.394709
2011,Q2,76,Africa,12.024691,12.394709
2011,Q1,82,Africa,12.024691,12.394709
2010,Q4,83,Africa,12.024691,12.394709
2010,Q3,84,Africa,12.024691,12.394709
2010,Q2,85,Africa,12.024691,12.394709
2010,Q1,80,Africa,12.024691,12.394709
2009,Q4,67,Africa,12.024691,12.394709
2009,Q3,57,Africa,12.024691,12.394709
2009,Q2,63,Africa,12.024691,12.394709
2009,Q1,59,Africa,12.024691,12.394709
2008,Q4,62,Africa,12.024691,12.394709
2008,Q3,64,Africa,12.024691,12.394709
2008,Q2,68,Africa,12.024691,12.394709
2008,Q1,65,Africa,12.024691,12.394709
2007,Q4,71,Africa,12.024691,12.394709
2007,Q3,67,Africa,12.024691,12.394709
2007,Q2,62,Africa,12.024691,12.394709
2007,Q1,66,Africa,12.024691,12.394709
2006,Q4,68,Africa,12.024691,12.394709
2006,Q3,62,Africa,12.024691,12.394709
2006,Q2,51,Africa,12.024691,12.394709
2006,Q1,51,Africa,12.024691,12.394709
2005,Q4,48,Africa,12.024691,12.394709
2005,Q3,49,Africa,12.024691,12.394709
2005,Q2,50,Africa,12.024691,12.394709
2005,Q1,51,Africa,12.024691,12.394709
2004,Q4,50,Africa,12.024691,12.394709
2004,Q3,49,Africa,12.024691,12.394709
2004,Q2,49,Africa,12.024691,12.394709
2004,Q1,46,Africa,12.024691,12.394709
2003,Q4,55,Africa,12.024691,12.394709
2003,Q3,50,Africa,12.024691,12.394709
2003,Q2,57,Africa,12.024691,12.394709
2003,Q1,54,Africa,12.024691,12.394709
2002,Q4,59,Africa,12.024691,12.394709
2002,Q3,59,Africa,12.024691,12.394709
2002,Q2,57,Africa,12.024691,12.394709
2002,Q1,55,Africa,12.024691,12.394709
2001,Q4,49,Africa,12.024691,12.394709
2001,Q3,53,Africa,12.024691,12.394709
2001,Q2,57,Africa,12.024691,12.394709
2001,Q1,52,Africa,12.024691,12.394709
2000,Q4,49,Africa,12.024691,12.394709
2000,Q3,47,Africa,12.024691,12.394709
2000,Q2,45,Africa,12.024691,12.394709
2000,Q1,41,Africa,12.024691,12.394709
1999,Q4,37,Africa,12.024691,12.394709
1999,Q3,38,Africa,12.024691,12.394709
1999,Q2,39,Africa,12.024691,12.394709
1999,Q1,53,Africa,12.024691,12.394709
1998,Q4,66,Africa,12.024691,12.394709
1998,Q3,65,Africa,12.024691,12.394709
1998,Q2,83,Africa,12.024691,12.394709
1998,Q1,82,Africa,12.024691,12.394709
1997,Q4,79,Africa,12.024691,12.394709
1997,Q3,78,Africa,12.024691,12.394709
1997,Q2,82,Africa,12.024691,12.394709
1997,Q1,82,Africa,12.024691,12.394709
1996,Q4,82,Africa,12.024691,12.394709
1996,Q3,80,Africa,12.024691,12.394709
1996,Q2,76,Africa,12.024691,12.394709
1996,Q1,76,Africa,12.024691,12.394709
1995,Q4,69,Africa,12.024691,12.394709
1995,Q3,66,Africa,12.024691,12.394709
1995,Q2,64,Africa,12.024691,12.394709
1995,Q1,66,Africa,12.024691,12.394709
1994,Q4,65,Africa,12.024691,12.394709
1994,Q3,62,Africa,12.024691,12.394709
1994,Q2,67,Africa,12.024691,12.394709
1994,Q1,64,Africa,12.024691,12.394709
2019,Q3,422,Middle_East,27.202253,46.672051
2019,Q2,412,Middle_East,27.202253,46.672051
2019,Q1,398,Middle_East,27.202253,46.672051
2018,Q4,397,Middle_East,27.202253,46.672051
2018,Q3,399,Middle_East,27.202253,46.672051
2018,Q2,397,Middle_East,27.202253,46.672051
2018,Q1,392,Middle_East,27.202253,46.672051
2017,Q4,380,Middle_East,27.202253,46.672051
2017,Q3,394,Middle_East,27.202253,46.672051
2017,Q2,392,Middle_East,27.202253,46.672051
2017,Q1,383,Middle_East,27.202253,46.672051
2016,Q4,382,Middle_East,27.202253,46.672051
2016,Q3,385,Middle_East,27.202253,46.672051
2016,Q2,388,Middle_East,27.202253,46.672051
2016,Q1,403,Middle_East,27.202253,46.672051
2015,Q4,415,Middle_East,27.202253,46.672051
2015,Q3,393,Middle_East,27.202253,46.672051
2015,Q2,403,Middle_East,27.202253,46.672051
2015,Q1,412,Middle_East,27.202253,46.672051
2014,Q4,399,Middle_East,27.202253,46.672051
2014,Q3,411,Middle_East,27.202253,46.672051
2014,Q2,415,Middle_East,27.202253,46.672051
2014,Q1,400,Middle_East,27.202253,46.672051
2013,Q4,392,Middle_East,27.202253,46.672051
2013,Q3,373,Middle_East,27.202253,46.672051
2013,Q2,368,Middle_East,27.202253,46.672051
2013,Q1,355,Middle_East,27.202253,46.672051
2012,Q4,378,Middle_East,27.202253,46.672051
2012,Q3,390,Middle_East,27.202253,46.672051
2012,Q2,343,Middle_East,27.202253,46.672051
2012,Q1,311,Middle_East,27.202253,46.672051
2011,Q4,303,Middle_East,27.202253,46.672051
2011,Q3,289,Middle_East,27.202253,46.672051
2011,Q2,291,Middle_East,27.202253,46.672051
2011,Q1,283,Middle_East,27.202253,46.672051
2010,Q4,270,Middle_East,27.202253,46.672051
2010,Q3,273,Middle_East,27.202253,46.672051
2010,Q2,256,Middle_East,27.202253,46.672051
2010,Q1,260,Middle_East,27.202253,46.672051
2009,Q4,248,Middle_East,27.202253,46.672051
2009,Q3,243,Middle_East,27.202253,46.672051
2009,Q2,251,Middle_East,27.202253,46.672051
2009,Q1,267,Middle_East,27.202253,46.672051
2008,Q4,282,Middle_East,27.202253,46.672051
2008,Q3,287,Middle_East,27.202253,46.672051
2008,Q2,278,Middle_East,27.202253,46.672051
2008,Q1,272,Middle_East,27.202253,46.672051
2007,Q4,269,Middle_East,27.202253,46.672051
2007,Q3,273,Middle_East,27.202253,46.672051
2007,Q2,262,Middle_East,27.202253,46.672051
2007,Q1,258,Middle_East,27.202253,46.672051
2006,Q4,257,Middle_East,27.202253,46.672051
2006,Q3,250,Middle_East,27.202253,46.672051
2006,Q2,230,Middle_East,27.202253,46.672051
2006,Q1,214,Middle_East,27.202253,46.672051
2005,Q4,259,Middle_East,27.202253,46.672051
2005,Q3,245,Middle_East,27.202253,46.672051
2005,Q2,246,Middle_East,27.202253,46.672051
2005,Q1,240,Middle_East,27.202253,46.672051
2004,Q4,240,Middle_East,27.202253,46.672051
2004,Q3,236,Middle_East,27.202253,46.672051
2004,Q2,226,Middle_East,27.202253,46.672051
2004,Q1,219,Middle_East,27.202253,46.672051
2003,Q4,213,Middle_East,27.202253,46.672051
2003,Q3,212,Middle_East,27.202253,46.672051
2003,Q2,208,Middle_East,27.202253,46.672051
2003,Q1,213,Middle_East,27.202253,46.672051
2002,Q4,212,Middle_East,27.202253,46.672051
2002,Q3,203,Middle_East,27.202253,46.672051
2002,Q2,198,Middle_East,27.202253,46.672051
2002,Q1,193,Middle_East,27.202253,46.672051
2001,Q4,183,Middle_East,27.202253,46.672051
2001,Q3,186,Middle_East,27.202253,46.672051
2001,Q2,174,Middle_East,27.202253,46.672051
2001,Q1,173,Middle_East,27.202253,46.672051
2000,Q4,164,Middle_East,27.202253,46.672051
2000,Q3,161,Middle_East,27.202253,46.672051
2000,Q2,156,Middle_East,27.202253,46.672051
2000,Q1,143,Middle_East,27.202253,46.672051
1999,Q4,136,Middle_East,27.202253,46.672051
1999,Q3,136,Middle_East,27.202253,46.672051
1999,Q2,140,Middle_East,27.202253,46.672051
1999,Q1,147,Middle_East,27.202253,46.672051
1998,Q4,161,Middle_East,27.202253,46.672051
1998,Q3,170,Middle_East,27.202253,46.672051
1998,Q2,167,Middle_East,27.202253,46.672051
1998,Q1,165,Middle_East,27.202253,46.672051
1997,Q4,165,Middle_East,27.202253,46.672051
1997,Q3,170,Middle_East,27.202253,46.672051
1997,Q2,158,Middle_East,27.202253,46.672051
1997,Q1,142,Middle_East,27.202253,46.672051
1996,Q4,138,Middle_East,27.202253,46.672051
1996,Q3,139,Middle_East,27.202253,46.672051
1996,Q2,135,Middle_East,27.202253,46.672051
1996,Q1,131,Middle_East,27.202253,46.672051
1995,Q4,133,Middle_East,27.202253,46.672051
1995,Q3,124,Middle_East,27.202253,46.672051
1995,Q2,128,Middle_East,27.202253,46.672051
1995,Q1,127,Middle_East,27.202253,46.672051
1994,Q4,116,Middle_East,27.202253,46.672051
1994,Q3,112,Middle_East,27.202253,46.672051
1994,Q2,126,Middle_East,27.202253,46.672051
1994,Q1,148,Middle_East,27.202253,46.672051
2019,Q3,224,Asia_Pacific,12.85034575,109.6613752
2019,Q2,230,Asia_Pacific,12.85034575,109.6613752
2019,Q1,235,Asia_Pacific,12.85034575,109.6613752
2018,Q4,225,Asia_Pacific,12.85034575,109.6613752
2018,Q3,225,Asia_Pacific,12.85034575,109.6613752
2018,Q2,214,Asia_Pacific,12.85034575,109.6613752
2018,Q1,212,Asia_Pacific,12.85034575,109.6613752
2017,Q4,214,Asia_Pacific,12.85034575,109.6613752
2017,Q3,193,Asia_Pacific,12.85034575,109.6613752
2017,Q2,199,Asia_Pacific,12.85034575,109.6613752
2017,Q1,197,Asia_Pacific,12.85034575,109.6613752
2016,Q4,187,Asia_Pacific,12.85034575,109.6613752
2016,Q3,190,Asia_Pacific,12.85034575,109.6613752
2016,Q2,184,Asia_Pacific,12.85034575,109.6613752
2016,Q1,186,Asia_Pacific,12.85034575,109.6613752
2015,Q4,206,Asia_Pacific,12.85034575,109.6613752
2015,Q3,217,Asia_Pacific,12.85034575,109.6613752
2015,Q2,220,Asia_Pacific,12.85034575,109.6613752
2015,Q1,235,Asia_Pacific,12.85034575,109.6613752
2014,Q4,254,Asia_Pacific,12.85034575,109.6613752
2014,Q3,256,Asia_Pacific,12.85034575,109.6613752
2014,Q2,249,Asia_Pacific,12.85034575,109.6613752
2014,Q1,258,Asia_Pacific,12.85034575,109.6613752
2013,Q4,245,Asia_Pacific,12.85034575,109.6613752
2013,Q3,241,Asia_Pacific,12.85034575,109.6613752
2013,Q2,252,Asia_Pacific,12.85034575,109.6613752
2013,Q1,245,Asia_Pacific,12.85034575,109.6613752
2012,Q4,242,Asia_Pacific,12.85034575,109.6613752
2012,Q3,230,Asia_Pacific,12.85034575,109.6613752
2012,Q2,241,Asia_Pacific,12.85034575,109.6613752
2012,Q1,250,Asia_Pacific,12.85034575,109.6613752
2011,Q4,251,Asia_Pacific,12.85034575,109.6613752
2011,Q3,249,Asia_Pacific,12.85034575,109.6613752
2011,Q2,251,Asia_Pacific,12.85034575,109.6613752
2011,Q1,273,Asia_Pacific,12.85034575,109.6613752
2010,Q4,277,Asia_Pacific,12.85034575,109.6613752
2010,Q3,276,Asia_Pacific,12.85034575,109.6613752
2010,Q2,267,Asia_Pacific,12.85034575,109.6613752
2010,Q1,257,Asia_Pacific,12.85034575,109.6613752
2009,Q4,257,Asia_Pacific,12.85034575,109.6613752
2009,Q3,241,Asia_Pacific,12.85034575,109.6613752
2009,Q2,237,Asia_Pacific,12.85034575,109.6613752
2009,Q1,239,Asia_Pacific,12.85034575,109.6613752
2008,Q4,246,Asia_Pacific,12.85034575,109.6613752
2008,Q3,257,Asia_Pacific,12.85034575,109.6613752
2008,Q2,259,Asia_Pacific,12.85034575,109.6613752
2008,Q1,245,Asia_Pacific,12.85034575,109.6613752
2007,Q4,246,Asia_Pacific,12.85034575,109.6613752
2007,Q3,244,Asia_Pacific,12.85034575,109.6613752
2007,Q2,243,Asia_Pacific,12.85034575,109.6613752
2007,Q1,230,Asia_Pacific,12.85034575,109.6613752
2006,Q4,231,Asia_Pacific,12.85034575,109.6613752
2006,Q3,226,Asia_Pacific,12.85034575,109.6613752
2006,Q2,220,Asia_Pacific,12.85034575,109.6613752
2006,Q1,236,Asia_Pacific,12.85034575,109.6613752
2005,Q4,235,Asia_Pacific,12.85034575,109.6613752
2005,Q3,231,Asia_Pacific,12.85034575,109.6613752
2005,Q2,222,Asia_Pacific,12.85034575,109.6613752
2005,Q1,211,Asia_Pacific,12.85034575,109.6613752
2004,Q4,199,Asia_Pacific,12.85034575,109.6613752
2004,Q3,208,Asia_Pacific,12.85034575,109.6613752
2004,Q2,197,Asia_Pacific,12.85034575,109.6613752
2004,Q1,186,Asia_Pacific,12.85034575,109.6613752
2003,Q4,177,Asia_Pacific,12.85034575,109.6613752
2003,Q3,179,Asia_Pacific,12.85034575,109.6613752
2003,Q2,176,Asia_Pacific,12.85034575,109.6613752
2003,Q1,178,Asia_Pacific,12.85034575,109.6613752
2002,Q4,177,Asia_Pacific,12.85034575,109.6613752
2002,Q3,172,Asia_Pacific,12.85034575,109.6613752
2002,Q2,171,Asia_Pacific,12.85034575,109.6613752
2002,Q1,165,Asia_Pacific,12.85034575,109.6613752
2001,Q4,163,Asia_Pacific,12.85034575,109.6613752
2001,Q3,158,Asia_Pacific,12.85034575,109.6613752
2001,Q2,157,Asia_Pacific,12.85034575,109.6613752
2001,Q1,149,Asia_Pacific,12.85034575,109.6613752
2000,Q4,150,Asia_Pacific,12.85034575,109.6613752
2000,Q3,149,Asia_Pacific,12.85034575,109.6613752
2000,Q2,133,Asia_Pacific,12.85034575,109.6613752
2000,Q1,130,Asia_Pacific,12.85034575,109.6613752
1999,Q4,129,Asia_Pacific,12.85034575,109.6613752
1999,Q3,129,Asia_Pacific,12.85034575,109.6613752
1999,Q2,145,Asia_Pacific,12.85034575,109.6613752
1999,Q1,152,Asia_Pacific,12.85034575,109.6613752
1998,Q4,156,Asia_Pacific,12.85034575,109.6613752
1998,Q3,169,Asia_Pacific,12.85034575,109.6613752
1998,Q2,183,Asia_Pacific,12.85034575,109.6613752
1998,Q1,184,Asia_Pacific,12.85034575,109.6613752
1997,Q4,173,Asia_Pacific,12.85034575,109.6613752
1997,Q3,184,Asia_Pacific,12.85034575,109.6613752
1997,Q2,183,Asia_Pacific,12.85034575,109.6613752
1997,Q1,179,Asia_Pacific,12.85034575,109.6613752
1996,Q4,181,Asia_Pacific,12.85034575,109.6613752
1996,Q3,182,Asia_Pacific,12.85034575,109.6613752
1996,Q2,172,Asia_Pacific,12.85034575,109.6613752
1996,Q1,171,Asia_Pacific,12.85034575,109.6613752
1995,Q4,171,Asia_Pacific,12.85034575,109.6613752
1995,Q3,177,Asia_Pacific,12.85034575,109.6613752
1995,Q2,188,Asia_Pacific,12.85034575,109.6613752
1995,Q1,187,Asia_Pacific,12.85034575,109.6613752
1994,Q4,190,Asia_Pacific,12.85034575,109.6613752
1994,Q3,201,Asia_Pacific,12.85034575,109.6613752
1994,Q2,207,Asia_Pacific,12.85034575,109.6613752
1994,Q1,217,Asia_Pacific,12.85034575,109.6613752
2019,Q3,132,Canada,55.37426,-118.137329
2019,Q2,83,Canada,55.37426,-118.137329
2019,Q1,186,Canada,55.37426,-118.137329
2018,Q4,177,Canada,55.37426,-118.137329
2018,Q3,208,Canada,55.37426,-118.137329
2018,Q2,106,Canada,55.37426,-118.137329
2018,Q1,273,Canada,55.37426,-118.137329
2017,Q4,204,Canada,55.37426,-118.137329
2017,Q3,208,Canada,55.37426,-118.137329
2017,Q2,114,Canada,55.37426,-118.137329
2017,Q1,299,Canada,55.37426,-118.137329
2016,Q4,179,Canada,55.37426,-118.137329
2016,Q3,121,Canada,55.37426,-118.137329
2016,Q2,49,Canada,55.37426,-118.137329
2016,Q1,164,Canada,55.37426,-118.137329
2015,Q4,174,Canada,55.37426,-118.137329
2015,Q3,191,Canada,55.37426,-118.137329
2015,Q2,100,Canada,55.37426,-118.137329
2015,Q1,309,Canada,55.37426,-118.137329
2014,Q4,407,Canada,55.37426,-118.137329
2014,Q3,385,Canada,55.37426,-118.137329
2014,Q2,202,Canada,55.37426,-118.137329
2014,Q1,526,Canada,55.37426,-118.137329
2013,Q4,378,Canada,55.37426,-118.137329
2013,Q3,349,Canada,55.37426,-118.137329
2013,Q2,155,Canada,55.37426,-118.137329
2013,Q1,536,Canada,55.37426,-118.137329
2012,Q4,368,Canada,55.37426,-118.137329
2012,Q3,326,Canada,55.37426,-118.137329
2012,Q2,173,Canada,55.37426,-118.137329
2012,Q1,592,Canada,55.37426,-118.137329
2011,Q4,475,Canada,55.37426,-118.137329
2011,Q3,443,Canada,55.37426,-118.137329
2011,Q2,188,Canada,55.37426,-118.137329
2011,Q1,587,Canada,55.37426,-118.137329
2010,Q4,405,Canada,55.37426,-118.137329
2010,Q3,361,Canada,55.37426,-118.137329
2010,Q2,166,Canada,55.37426,-118.137329
2010,Q1,470,Canada,55.37426,-118.137329
2009,Q4,278,Canada,55.37426,-118.137329
2009,Q3,187,Canada,55.37426,-118.137329
2009,Q2,90,Canada,55.37426,-118.137329
2009,Q1,329,Canada,55.37426,-118.137329
2008,Q4,408,Canada,55.37426,-118.137329
2008,Q3,432,Canada,55.37426,-118.137329
2008,Q2,169,Canada,55.37426,-118.137329
2008,Q1,507,Canada,55.37426,-118.137329
2007,Q4,356,Canada,55.37426,-118.137329
2007,Q3,348,Canada,55.37426,-118.137329
2007,Q2,139,Canada,55.37426,-118.137329
2007,Q1,532,Canada,55.37426,-118.137329
2006,Q4,440,Canada,55.37426,-118.137329
2006,Q3,494,Canada,55.37426,-118.137329
2006,Q2,282,Canada,55.37426,-118.137329
2006,Q1,665,Canada,55.37426,-118.137329
2005,Q4,572,Canada,55.37426,-118.137329
2005,Q3,497,Canada,55.37426,-118.137329
2005,Q2,241,Canada,55.37426,-118.137329
2005,Q1,521,Canada,55.37426,-118.137329
2004,Q4,420,Canada,55.37426,-118.137329
2004,Q3,326,Canada,55.37426,-118.137329
2004,Q2,202,Canada,55.37426,-118.137329
2004,Q1,528,Canada,55.37426,-118.137329
2003,Q4,408,Canada,55.37426,-118.137329
2003,Q3,383,Canada,55.37426,-118.137329
2003,Q2,203,Canada,55.37426,-118.137329
2003,Q1,494,Canada,55.37426,-118.137329
2002,Q4,283,Canada,55.37426,-118.137329
2002,Q3,250,Canada,55.37426,-118.137329
2002,Q2,147,Canada,55.37426,-118.137329
2002,Q1,383,Canada,55.37426,-118.137329
2001,Q4,278,Canada,55.37426,-118.137329
2001,Q3,320,Canada,55.37426,-118.137329
2001,Q2,252,Canada,55.37426,-118.137329
2001,Q1,515,Canada,55.37426,-118.137329
2000,Q4,375,Canada,55.37426,-118.137329
2000,Q3,314,Canada,55.37426,-118.137329
2000,Q2,209,Canada,55.37426,-118.137329
2000,Q1,480,Canada,55.37426,-118.137329
1999,Q4,337,Canada,55.37426,-118.137329
1999,Q3,253,Canada,55.37426,-118.137329
1999,Q2,104,Canada,55.37426,-118.137329
1999,Q1,290,Canada,55.37426,-118.137329
1998,Q4,201,Canada,55.37426,-118.137329
1998,Q3,205,Canada,55.37426,-118.137329
1998,Q2,174,Canada,55.37426,-118.137329
1998,Q1,459,Canada,55.37426,-118.137329
1997,Q4,451,Canada,55.37426,-118.137329
1997,Q3,398,Canada,55.37426,-118.137329
1997,Q2,255,Canada,55.37426,-118.137329
1997,Q1,395,Canada,55.37426,-118.137329
1996,Q4,317,Canada,55.37426,-118.137329
1996,Q3,275,Canada,55.37426,-118.137329
1996,Q2,150,Canada,55.37426,-118.137329
1996,Q1,341,Canada,55.37426,-118.137329
1995,Q4,225,Canada,55.37426,-118.137329
1995,Q3,220,Canada,55.37426,-118.137329
1995,Q2,146,Canada,55.37426,-118.137329
1995,Q1,327,Canada,55.37426,-118.137329
1994,Q4,291,Canada,55.37426,-118.137329
1994,Q3,279,Canada,55.37426,-118.137329
1994,Q2,170,Canada,55.37426,-118.137329
1994,Q1,298,Canada,55.37426,-118.137329
2019,Q3,920,US,32.145596,-102.062413
2019,Q2,989,US,32.145596,-102.062413
2019,Q1,1046,US,32.145596,-102.062413
2018,Q4,1072,US,32.145596,-102.062413
2018,Q3,1051,US,32.145596,-102.062413
2018,Q2,1038,US,32.145596,-102.062413
2018,Q1,965,US,32.145596,-102.062413
2017,Q4,921,US,32.145596,-102.062413
2017,Q3,947,US,32.145596,-102.062413
2017,Q2,892,US,32.145596,-102.062413
2017,Q1,739,US,32.145596,-102.062413
2016,Q4,586,US,32.145596,-102.062413
2016,Q3,480,US,32.145596,-102.062413
2016,Q2,421,US,32.145596,-102.062413
2016,Q1,555,US,32.145596,-102.062413
2015,Q4,755,US,32.145596,-102.062413
2015,Q3,866,US,32.145596,-102.062413
2015,Q2,909,US,32.145596,-102.062413
2015,Q1,1380,US,32.145596,-102.062413
2014,Q4,1911,US,32.145596,-102.062413
2014,Q3,1903,US,32.145596,-102.062413
2014,Q2,1852,US,32.145596,-102.062413
2014,Q1,1780,US,32.145596,-102.062413
2013,Q4,1757,US,32.145596,-102.062413
2013,Q3,1769,US,32.145596,-102.062413
2013,Q2,1761,US,32.145596,-102.062413
2013,Q1,1758,US,32.145596,-102.062413
2012,Q4,1809,US,32.145596,-102.062413
2012,Q3,1906,US,32.145596,-102.062413
2012,Q2,1970,US,32.145596,-102.062413
2012,Q1,1991,US,32.145596,-102.062413
2011,Q4,2010,US,32.145596,-102.062413
2011,Q3,1945,US,32.145596,-102.062413
2011,Q2,1830,US,32.145596,-102.062413
2011,Q1,1716,US,32.145596,-102.062413
2010,Q4,1687,US,32.145596,-102.062413
2010,Q3,1622,US,32.145596,-102.062413
2010,Q2,1508,US,32.145596,-102.062413
2010,Q1,1345,US,32.145596,-102.062413
2009,Q4,1108,US,32.145596,-102.062413
2009,Q3,973,US,32.145596,-102.062413
2009,Q2,936,US,32.145596,-102.062413
2009,Q1,1326,US,32.145596,-102.062413
2008,Q4,1898,US,32.145596,-102.062413
2008,Q3,1978,US,32.145596,-102.062413
2008,Q2,1864,US,32.145596,-102.062413
2008,Q1,1770,US,32.145596,-102.062413
2007,Q4,1790,US,32.145596,-102.062413
2007,Q3,1788,US,32.145596,-102.062413
2007,Q2,1757,US,32.145596,-102.062413
2007,Q1,1733,US,32.145596,-102.062413
2006,Q4,1719,US,32.145596,-102.062413
2006,Q3,1719,US,32.145596,-102.062413
2006,Q2,1632,US,32.145596,-102.062413
2006,Q1,1519,US,32.145596,-102.062413
2005,Q4,1478,US,32.145596,-102.062413
2005,Q3,1428,US,32.145596,-102.062413
2005,Q2,1336,US,32.145596,-102.062413
2005,Q1,1279,US,32.145596,-102.062413
2004,Q4,1249,US,32.145596,-102.062413
2004,Q3,1229,US,32.145596,-102.062413
2004,Q2,1164,US,32.145596,-102.062413
2004,Q1,1119,US,32.145596,-102.062413
2003,Q4,1109,US,32.145596,-102.062413
2003,Q3,1088,US,32.145596,-102.062413
2003,Q2,1028,US,32.145596,-102.062413
2003,Q1,901,US,32.145596,-102.062413
2002,Q4,847,US,32.145596,-102.062413
2002,Q3,853,US,32.145596,-102.062413
2002,Q2,806,US,32.145596,-102.062413
2002,Q1,818,US,32.145596,-102.062413
2001,Q4,1004,US,32.145596,-102.062413
2001,Q3,1241,US,32.145596,-102.062413
2001,Q2,1237,US,32.145596,-102.062413
2001,Q1,1139,US,32.145596,-102.062413
2000,Q4,1073,US,32.145596,-102.062413
2000,Q3,980,US,32.145596,-102.062413
2000,Q2,842,US,32.145596,-102.062413
2000,Q1,770,US,32.145596,-102.062413
1999,Q4,774,US,32.145596,-102.062413
1999,Q3,641,US,32.145596,-102.062413
1999,Q2,523,US,32.145596,-102.062413
1999,Q1,552,US,32.145596,-102.062413
1998,Q4,690,US,32.145596,-102.062413
1998,Q3,794,US,32.145596,-102.062413
1998,Q2,865,US,32.145596,-102.062413
1998,Q1,966,US,32.145596,-102.062413
1997,Q4,997,US,32.145596,-102.062413
1997,Q3,990,US,32.145596,-102.062413
1997,Q2,934,US,32.145596,-102.062413
1997,Q1,856,US,32.145596,-102.062413
1996,Q4,840,US,32.145596,-102.062413
1996,Q3,802,US,32.145596,-102.062413
1996,Q2,760,US,32.145596,-102.062413
1996,Q1,708,US,32.145596,-102.062413
1995,Q4,763,US,32.145596,-102.062413
1995,Q3,744,US,32.145596,-102.062413
1995,Q2,679,US,32.145596,-102.062413
1995,Q1,709,US,32.145596,-102.062413
1994,Q4,824,US,32.145596,-102.062413
1994,Q3,782,US,32.145596,-102.062413
1994,Q2,732,US,32.145596,-102.062413
1994,Q1,759,US,32.145596,-102.062413
